<scene version="2.1.0">

<!-- Defaults, these can be set via the command line: -Darg=value -->


<!-- Camera and Rendering Parameters -->

	<integrator type="path">
		<integer name="max_depth" value="12"/>
	</integrator>

<!-- Materials -->

	<bsdf type="twosided" id="mat-itu_plasterboard">
		<bsdf type="principled">
			<rgb value="0.178132 0.322166 0.800000" name="base_color"/>
			<float name="spec_tint" value="0.000000"/>
			<float name="spec_trans" value="0.000000"/>
			<float name="metallic" value="0.000000"/>
			<float name="anisotropic" value="0.000000"/>
			<float name="roughness" value="0.500000"/>
			<float name="sheen" value="0.000000"/>
			<float name="sheen_tint" value="0.500000"/>
			<float name="clearcoat" value="0.000000"/>
			<float name="clearcoat_gloss" value="0.173205"/>
			<float name="specular" value="0.500000"/>
		</bsdf>
	</bsdf>
	<bsdf type="twosided" id="mat-itu_wood">
		<bsdf type="principled">
			<rgb value="0.560784 0.194423 0.065289" name="base_color"/>
			<float name="spec_tint" value="0.000000"/>
			<float name="spec_trans" value="0.000000"/>
			<float name="metallic" value="0.000000"/>
			<float name="anisotropic" value="0.000000"/>
			<float name="roughness" value="1.000000"/>
			<float name="sheen" value="0.000000"/>
			<float name="sheen_tint" value="0.500000"/>
			<float name="clearcoat" value="0.000000"/>
			<float name="clearcoat_gloss" value="0.173205"/>
			<float name="specular" value="0.500000"/>
		</bsdf>
	</bsdf>
	<bsdf type="twosided" id="mat-itu_pwood">
		<bsdf type="principled">
			<rgb value="0.539426 0.612333 0.207268" name="base_color"/>
			<float name="spec_tint" value="0.000000"/>
			<float name="spec_trans" value="0.000000"/>
			<float name="metallic" value="0.000000"/>
			<float name="anisotropic" value="0.000000"/>
			<float name="roughness" value="1.000000"/>
			<float name="sheen" value="0.000000"/>
			<float name="sheen_tint" value="0.500000"/>
			<float name="clearcoat" value="0.000000"/>
			<float name="clearcoat_gloss" value="0.173205"/>
			<float name="specular" value="0.500000"/>
		</bsdf>
	</bsdf>
	<bsdf type="twosided" id="mat-itu_concrete">
		<bsdf type="principled">
			<rgb value="0.346299 0.813478 0.825143" name="base_color"/>
			<float name="spec_tint" value="0.000000"/>
			<float name="spec_trans" value="0.000000"/>
			<float name="metallic" value="0.000000"/>
			<float name="anisotropic" value="0.000000"/>
			<float name="roughness" value="1.000000"/>
			<float name="sheen" value="0.000000"/>
			<float name="sheen_tint" value="0.500000"/>
			<float name="clearcoat" value="0.000000"/>
			<float name="clearcoat_gloss" value="0.173205"/>
			<float name="specular" value="0.500000"/>
		</bsdf>
	</bsdf>
	<bsdf type="twosided" id="mat-itu_metal">
		<bsdf type="principled">
			<rgb value="0.417388 0.325790 0.078424" name="base_color"/>
			<float name="spec_tint" value="0.000000"/>
			<float name="spec_trans" value="0.000000"/>
			<float name="metallic" value="0.000000"/>
			<float name="anisotropic" value="0.000000"/>
			<float name="roughness" value="0.500000"/>
			<float name="sheen" value="0.000000"/>
			<float name="sheen_tint" value="0.500000"/>
			<float name="clearcoat" value="0.000000"/>
			<float name="clearcoat_gloss" value="0.173205"/>
			<float name="specular" value="0.500000"/>
		</bsdf>
	</bsdf>
	<bsdf type="twosided" id="mat-Material">
		<bsdf type="principled">
			<rgb value="0.800000 0.800000 0.800000" name="base_color"/>
			<float name="spec_tint" value="0.000000"/>
			<float name="spec_trans" value="0.000000"/>
			<float name="metallic" value="0.000000"/>
			<float name="anisotropic" value="0.000000"/>
			<float name="roughness" value="0.500000"/>
			<float name="sheen" value="0.000000"/>
			<float name="sheen_tint" value="0.500000"/>
			<float name="clearcoat" value="0.000000"/>
			<float name="clearcoat_gloss" value="0.173205"/>
			<float name="specular" value="0.500000"/>
		</bsdf>
	</bsdf>

<!-- Emitters -->

	<emitter type="constant" id="World">
		<rgb value="0.639388 0.639388 0.639388" name="radiance"/>
	</emitter>

<!-- Shapes -->

	<shape type="ply" id="mesh-Plane_001">
		<string name="filename" value="meshes/Plane_001.ply"/>
		<ref id="mat-itu_plasterboard" name="bsdf"/>
	</shape>
	<shape type="ply" id="mesh-object_11">
		<string name="filename" value="meshes/object_11.ply"/>
		<ref id="mat-itu_wood" name="bsdf"/>
	</shape>
	<shape type="ply" id="mesh-object_24">
		<string name="filename" value="meshes/object_24.ply"/>
		<ref id="mat-itu_wood" name="bsdf"/>
	</shape>
	<shape type="ply" id="mesh-object_31">
		<string name="filename" value="meshes/object_31.ply"/>
		<ref id="mat-itu_wood" name="bsdf"/>
	</shape>
	<shape type="ply" id="mesh-object_38">
		<string name="filename" value="meshes/object_38.ply"/>
		<ref id="mat-itu_wood" name="bsdf"/>
	</shape>
	<shape type="ply" id="mesh-object_17_001">
		<string name="filename" value="meshes/object_17_001.ply"/>
		<ref id="mat-itu_wood" name="bsdf"/>
	</shape>
	<shape type="ply" id="mesh-object_28">
		<string name="filename" value="meshes/object_28.ply"/>
		<ref id="mat-itu_wood" name="bsdf"/>
	</shape>
	<shape type="ply" id="mesh-object_33">
		<string name="filename" value="meshes/object_33.ply"/>
		<ref id="mat-itu_wood" name="bsdf"/>
	</shape>
	<shape type="ply" id="mesh-Cube">
		<string name="filename" value="meshes/Cube.ply"/>
		<boolean name="face_normals" value="true"/>
		<ref id="mat-itu_pwood" name="bsdf"/>
	</shape>
	<shape type="ply" id="mesh-Cube_001">
		<string name="filename" value="meshes/Cube_001.ply"/>
		<boolean name="face_normals" value="true"/>
		<ref id="mat-itu_concrete" name="bsdf"/>
	</shape>
	<shape type="ply" id="mesh-Cube_002">
		<string name="filename" value="meshes/Cube_002.ply"/>
		<boolean name="face_normals" value="true"/>
		<ref id="mat-itu_concrete" name="bsdf"/>
	</shape>
	<shape type="ply" id="mesh-Cube_003">
		<string name="filename" value="meshes/Cube_003.ply"/>
		<boolean name="face_normals" value="true"/>
		<ref id="mat-itu_concrete" name="bsdf"/>
	</shape>
	<shape type="ply" id="mesh-Cube_004">
		<string name="filename" value="meshes/Cube_004.ply"/>
		<boolean name="face_normals" value="true"/>
		<ref id="mat-itu_concrete" name="bsdf"/>
	</shape>
	<shape type="ply" id="mesh-Cube_005">
		<string name="filename" value="meshes/Cube_005.ply"/>
		<boolean name="face_normals" value="true"/>
		<ref id="mat-itu_concrete" name="bsdf"/>
	</shape>
	<shape type="ply" id="mesh-Cube_006">
		<string name="filename" value="meshes/Cube_006.ply"/>
		<boolean name="face_normals" value="true"/>
		<ref id="mat-itu_concrete" name="bsdf"/>
	</shape>
	<shape type="ply" id="mesh-Cube_007">
		<string name="filename" value="meshes/Cube_007.ply"/>
		<boolean name="face_normals" value="true"/>
		<ref id="mat-itu_metal" name="bsdf"/>
	</shape>
	<shape type="ply" id="mesh-Cube_008">
		<string name="filename" value="meshes/Cube_008.ply"/>
		<boolean name="face_normals" value="true"/>
		<ref id="mat-itu_metal" name="bsdf"/>
	</shape>
	<shape type="ply" id="mesh-Cube_009">
		<string name="filename" value="meshes/Cube_009.ply"/>
		<boolean name="face_normals" value="true"/>
		<ref id="mat-itu_metal" name="bsdf"/>
	</shape>
	<shape type="ply" id="mesh-Cube_010">
		<string name="filename" value="meshes/Cube_010.ply"/>
		<boolean name="face_normals" value="true"/>
		<ref id="mat-itu_metal" name="bsdf"/>
	</shape>
	<shape type="ply" id="mesh-Cube_011">
		<string name="filename" value="meshes/Cube_011.ply"/>
		<boolean name="face_normals" value="true"/>
		<ref id="mat-itu_metal" name="bsdf"/>
	</shape>
	<shape type="ply" id="mesh-object_29">
		<string name="filename" value="meshes/object_29.ply"/>
		<ref id="mat-Material" name="bsdf"/>
	</shape>
</scene>
